[
  {
    "namespace": "Utilities",
    "functions": [ 
      {
        "name": "logDebug",
        "type": "function",
        "async": true,
        "parameters": [
          {
            "name": "text",
            "type": "string",
            "description": "what text to log"
          }
        ]
      },

 

      {
        "name": "showXhtmlPage",
        "type": "function",
        "parameters": [
          {
            "name": "url",
            "type": "string",
            "description": "url to open in browser"
          }


        ]
      },


      {
        "name": "attachmentHasImages",
        "type": "function",
        "async": true,
        "parameters": []
      },

      {
        "name": "getImage",
        "type": "function",
        "async": true,
        "parameters": []
      },



      {
        "name": "openLinkExternally",
        "type": "function",
        "async": true,
               "parameters": [
          {
            "name": "url",
            "type": "string",
            "description": "url to open in browser"
          }
 

        ]
      }

   ]
  }
]
